<?xml version="1.0" encoding="UTF-8"?>
<project-private xmlns="http://www.netbeans.org/ns/project-private/1">
    <editor-bookmarks xmlns="http://www.netbeans.org/ns/editor-bookmarks/2" lastBookmarkId="0"/>
    <open-files xmlns="http://www.netbeans.org/ns/projectui-open-files/2">
        <group>
            <file>file:/C:/Users/PRANAV/MPLABXProjects/4_DIGIT_KEY_PRESS_EEPROM_COUNTER.X/eeprom.c</file>
            <file>file:/C:/Users/PRANAV/MPLABXProjects/4_DIGIT_KEY_PRESS_EEPROM_COUNTER.X/digital_keypad.c</file>
            <file>file:/C:/Users/PRANAV/MPLABXProjects/4_DIGIT_KEY_PRESS_EEPROM_COUNTER.X/read_ssd.c</file>
            <file>file:/C:/Users/PRANAV/MPLABXProjects/4_DIGIT_KEY_PRESS_EEPROM_COUNTER.X/ssd_display.h</file>
            <file>file:/C:/Users/PRANAV/MPLABXProjects/4_DIGIT_KEY_PRESS_EEPROM_COUNTER.X/digital_key_press.h</file>
            <file>file:/C:/Users/PRANAV/MPLABXProjects/4_DIGIT_KEY_PRESS_EEPROM_COUNTER.X/main.c</file>
        </group>
    </open-files>
</project-private>
